,Upvotes,Text
0,331,I think that happened around 2016.
1,41,r/beholdthemasterrace
2,28,"That's because it's 'hide' glue. It's good for fixing furniture years down the road, as opposed to urethane based (think gorilla)."
3,10,The insane people have the loudspeaker they are proud of their ignorance and hypocrisy both celebrated and encouraged. We are going to be paying for this across many generations.
4,7,"Who? Americans? 
Yes. We are."
5,3,In a trap trip they can't grip
6,3,"Of course they are, Elmer's is water soluble"
7,3,I think what's making it worse is many of them are starting to see they are about to get their asses kicked in this up coming election and are acting out in anger.
8,1,A bunch of friggin Elmers.
9,1,"They are realizing they got had big time, but their worldview is very rgidly enforced. They quite literally cant handle the cognitive dissonance and they lose it."
10,223,"Can she not bend the hose a little? He casually stood there multiple times. When she got to him, what was she gonna do? Physically hurt him? I think this played out perfectly."
11,20,Forget bull fighting that‚Äôs cruel let‚Äôs have this and enraged Trump supporters.
12,17,"He out maneuvered her while holding a hose.  Like, she knows he has a limited range and is even slowed down by dragging it around, but she absolutely was obliterated.  My 4 year old can catch me if I'm trying to run away with a hose, but it's too much for this lady."
13,12,It's like the scene from In Bruges but IRL
14,12,One of the few videos that actually made me laugh out loud. The way he just stands there holding it while she‚Äôs struggling to stand back up hahaha
15,3,Those kiting skills tho
16,1,I like how out first he thought it might be a challenge and require some strength and agility but then realized quickly what he was dealing with.
17,1,She stops screaming about her skin or she gets the hose again.
18,121,Reminded me of Fight Club when they had to get in a fight with a stranger and the dude was spraying random people with a hose
19,9,Most likely a ‚ÄúQaren‚Äù
20,2,[deleted]
21,2,Holy water is super effective on demons afterall
22,5,"I don't have awards to give but if I did, you'd get them all! üòÇüòÇ"
23,1,Amazing lmao
24,63,Angry drip dry and waddle away.
25,30,"Yes, me too."
26,22,u/iangambier please give us an update lol
27,12,She'll undoubtedly claim the scrapes on her knees were caused by him and not her idiocy.
28,10,"Eventually, she dies."
29,8,"He turned the spigot off in one deft move after letting her ""have"" it, and she was left, befuddled. And wet. With her prejudiced beliefs."
30,35,"""Water? Never touch the stuff. Fish make love in it..."" - W.C. Fields"
31,6,Water? Like from the toilet?
32,3,It‚Äôs got what plants crave.
33,3,"You just reminded me of the show ""1000lb sisters"" and their sodies"
34,1,She must have rabies
35,1,Water? You mean like in the toilet?
36,230,"Jokes on you!  I firmly support Black Lives Matter, and I do not have my shit together *at all.*  

/cries"
37,45,"Not that this should matter, but there are plenty of ""fuckable"" people that spout this shit. I find it actually tends to be the more privileged"
38,18,"Seriously. Take pride in something you've done, not something you're born with. 

For example, I'm not addicted to meth or heroin and I've never assaulted anyone. Also a couple days ago I mowed my lawn and pulled weeds from my garden. 

Its not a high bar but its higher than taking pride in my race."
39,12,"I never argued with a Trumpster who I thought was smarter than me. The only thing these people have is being white, or wanting to be white -- these are the same people who shit on identity politics."
40,7,[The Greatest Champions of the White Race.](https://m.imgur.com/gallery/zHSo5)
41,7,"That‚Äôs because they aren‚Äôt educated. 
If you have a decent education and a common sense you would know why people are in street protesting BLM. 
I genuinely don‚Äôt get mad at them. It‚Äôs not their fault that no one gave them a good education. This year BLM movement was massive. I‚Äôm sure many schools tried to talk about this. Hopefully we won‚Äôt see that many Karens in the future generation"
42,6,Texas has blue lives fever right now sadly
43,2,The woman here looks like she could very well have her shit together; I wasn't even sure at first if she was going to be the crazy lady or if crazy was still out of frame.
44,2,"It's tribal virtue signaling. Most of these people are good people, just feel the need to signal their tribe because they have been told the alternative is un American. They are being manipulated, and fed a manufactured past and present."
45,1,Unfortunately there are a lot of them
46,19,I think they're questioning 911 as the right number not because they don't know what the cops number is but because this is obviously a comical and minor thing that is happening. Maybe a non emergency number or local security or something would be better.
47,47,"Right? This was the most nonchalant talk and it made it so much better.

""Should we call the cops""

Long ass pause

""Yeah""

""... Is it 911?""

What else would it be ?!"
48,22,"People, please! We don't need to call 911 for every little thing! An adult (albeit by age only) is being voluntarily sprayed with a hose - this is not a 911 emergency. We don't need to call the cops for every little thing!"
49,6,How is this not the top comment?! I started cracking up.... She questioned if the number was 911 xD
50,6,"Nah, that's Bruce"
51,1,This comment needs more upvotes.
52,1,Trunchbull*
53,31,">What state was this in?

Decay."
54,1,Based on those accents im saying Texas
55,1,it‚Äôs still battery bc he sprayed her first. Even though she was standing on the edge of his property.
56,6,"Spray 'em in the eye, aim no higher!"
57,3,I‚Äôm happy not to be the only person hearing that resemblance.
58,9,Bc ACAB
59,3,"To be fair, the impetus is on police departments to select the responsible level of force. Yes, he‚Äôs probably fine calling the non-emergency number, but he also has someone trespassing and actively (if unsuccessfully) trying him."
60,1,"Please explain what state you can legally shot someone solely for being on your property, unarmed."
61,1,She's white.
62,43,Honestly her slipping around like a fool is so much funnier
63,14,"Nope, you would have made her a martyr."
64,233,These people have been unglued.
65,34,2010. Midterms and the tea party being pissed Obama was pres.
66,22,Have you ever seen desperation set on people who are facing an inevitable failure?
67,15,[deleted]
68,6,Definitely started in 2008...
69,1,It happens in 2012 when Obama was re-elected. 2008 was the wake up call that they weren‚Äôt the majority of the country and had to find a way to take the country back with minority rule
70,1,Tea Party
71,143,"I was assuming in one of those cases she was trying to kink the hose but just couldn‚Äôt?  Behold, the master race!"
72,3,"Tan brick houses and live oaks, looks like texas, they are in shorts so it's probably hot as balls, the water probably objectively felt good, she was just super mad about losing the battle, so chaising around after him, not kinking the hose like you'd do if not getting wet was the #1 goal.  Plus she, like myself watching a racist get pwned, can only get so wet."
73,1,That would require her to have some intelligence
74,1,"it
was slippery"
75,1,That requires thought. Something she is devoid of.
76,1,You're assuming she's actually smart.
77,8,"I don't know what Pokemon this is, but ""it hurt itself in its confusion!"""
78,5,I've never seen the medium spray on a hose take someone out like that before. How bumbling does an idiot have to be for this to happen?
79,36,Bro! Rule #1
80,6,And then the priest says sorry after hitting the guy.
81,6,He kept hosing the priest/reverend until he got punched by the priest/reverend
82,2,There is no Fight Club
83,56,‚ÄòTil the very next day (doot doot doot doot dooty doot doot)
84,3,"Do tha angry drip-n-waddle
Do tha angry drip-n-waddle
Like a baby lost its bottle
Do tha angry drip-n-waddle"
85,2,Waddle waddle
86,7,Eventually we all die.
87,0,Statistics show that everyone that gets hosed will eventually die
88,46,oh I promise I don't either! But the people who are white pride/power espousers never do. Ever. There's at least one BLM supporter that is financially well off and/or could get it.
89,5,You have your morals. That‚Äôs the most important thing.
90,29,"Hey if neckless lumps that look like the love-child of sausage gravy and a bag of milk is your thing, I'm not gonna kink shame you."
91,8,"Yeah, a good example is the documentary about the Fascist commune in Italy. Nazis are kinda the unsubtle, undersexed/overugly and viciously cruel ‚ÄòSadist brainiac‚Äô element that generally brings about military or civil intervention, thank God, but Fascists are often Hot, Smart, and Very Well Funded.  And they like idiots like this getting hosed down cause it helps their cause in a way: if everyone thinks that Stupidity and Ugliness is inherent to All totalitarians appearance then they have greater carte blanche to hide in plain sight.  Think Rupert Murdochs hot asian slampiece.  Ugly? No.  A Fascist sellout? Absolutely!  That Ryan Gosling flick the Believer is a decent example of how nefarious and alluring Fascists can act up front before they set their pawns in motion.  Just handsome ass Billy Zane giving a lecture on strength and might.  It‚Äôs a good thing they get uglier over time:  after a while they start to look like Mussolini, Donald Trump, Bill Barr, or clipped little weasels like Franco.  Because they are not Men."
92,7,The fuckable members of the staunchly anti-blm brigade wouldnt touch most anti-blm-ers with a 10 foot pole
93,32,"She was asking if it was serious enough for 911, or if they should call the non-emergency number."
94,1,https://www.youtube.com/watch?v=TINdNEMhga4
95,2,Police don‚Äôt have a good track record of deciding what responsible level of force is if you haven‚Äôt noticed....
96,2,"Who do you think the cops are going to arrest, beat, or shoot when they show up: the soaking white lady, or the person with a hose standing on the side of a BLM sign?  Cops do not offer justice or safety.  They show up a half-hour late and shoot your dog (or you)."
97,147,They were never glued.
98,13,"These people started making cracking noises and suddenly appeared to have acquired a 8 degree lean to one side in 2016, now they're falling off of whatever they were glued to and clattering to the floor in pieces."
99,3,Always have been
100,2,I feel like before the internet a huge chunk of what are now Trump worshipers were just a cranky minority wherever they were. Like my grandpa for instance. If it weren't for the internet he'd just be the stereotypical racist old man in his rocker mumbling nonsense at the television. But thanks to the internet he made friends with all the other racist old fucks in the town and now they walk the mall at the crack of dawn every morning talking about what a patriot Trump is.
101,2,These people sniff glue.
102,1,They can be glue if they so choose.
103,1,These people huff glue
104,6,They meant people came unglued in 2016.
105,2,So what happened next?  Did you call the cops?
106,158,"The concept of kinking the hose and not being so focused on the water alone is completely out of reach for her. 

They act like shells of human beings, nothing more than response to outside stimuli. I dare say if they had nothing to feel victimish about they‚Äôd all just stop functioning, standing stock still waiting for the next moment to spring into responsive action. 

There‚Äôs a horror movie on par with the weeping angels in here somewhere if it wasn‚Äôt so fucking ridiculous"
107,3,They're too far in the closet to deal with any kink...
108,1,Are you sure she doesn't think kinks are for perverts?
109,1,They‚Äôre not the brightest bunch lol
110,1,r/beholdthemasterrace
111,1,"Nah, she was getting cleansed"
112,23,Rule #2
113,2,"Had to dig around and found a r/fightclub and a r/fightclubnotthemovie 

I am pleased with the results."
114,13,"Haha no, I get it, probably most of these people are not people that care about their appearance. But there are a lot of ""influencers"" on Twitter that appear (maybe just an avatar, and the actual person behind the keyboard is another neckless lump) attractive and say some dumb, privileged shit"
115,4,You had me at sausage gravy. ‚ù§‚ù§‚ù§‚ù§
116,3,HEY i like sausage gravy :(
117,3,Jesus Christ. I don't know if I want to laugh or dig into some comfort food.
118,2,">	neckless lumps that look like the love-child of sausage gravy and a bag of milk

Prime /r/RareInsults material right there."
119,97,The glue making factory closed in 2016. They've now been privatized to hold down Trump's hair.
120,28,They ate the glue.
121,1,Silent Velcro
122,1,Methinks the glue might be water soluble
123,1,They‚Äôve been sniffing glue
124,32,I'm pretty sure it was the tan suit. Can't think of anything else that would have riled them up.
125,21,"I was only 16 in 2008, and I grew up in a very religious, conservative household.  I always thought Obama was just a bad president and people were ""just playing the race card"" against perfectly valid criticisms of him...

As an adult, I now see holy fuck, it's really just cause he was black, wasn't it?  Biden is worse in virtually every way, but I've never heard anyone literally explain how he's the antichrist."
126,6,"I found this book fascinating on the same topic.

Arlie Russel Hoschchild - Strangers in their own land.  The writer listened to Tea Party members in, Louisiana, the place that voted least for Obama to try and understand these people.

[link to audiobook on YouTube](https://youtu.be/4PbbqMUIWz4)"
127,37,">The concept of kinking the hose and not being so focused on the water alone is completely out of reach for her.

This is exactly right."
128,20,"I‚Äôm a fan of this take, a big fan"
129,17,"> There‚Äôs a horror movie on par with the weeping angels in here somewhere if it wasn‚Äôt so fucking ridiculous

It's like Pod People but, with no fanfare, there is a growing population of people all around the world who are dead silent at all times unless someone provokes an interaction, at which point they find anything they can to antagonize the provoker over, lol"
130,4,"> nothing more than response to outside stimuli

I think it‚Äôs more than that. I think the vast majority of peoples‚Äô personalities are literally just elaborate trauma responses. Most people have no idea who they would be if they healed. And *these* people have no idea what healing even is, nor are they interested in it‚Äîand we‚Äôre all gonna pay the price for that for generations now."
131,2,I actually lol'd to this. I love it so much I had to screenshot it. (Obviously to add to my collection of screenshots that I will never look at again but I'll have in a safe place in case I need it in an emergency situation. Of course I won't be able to find the exact one in the collection of tens of thousands of random screenshots. Of those yours is the superlative. Which is quite an honor. You have my coveted seal of approval. You're welcome. And thank you. This really veered off...) Your comment was so dead on that I pictured it in my head.
132,1,They're just homunculi at this point.
133,2,Ah a person of cultural. Memento Mori friend
134,2,Anus maximus
135,2,*Unus Annus*.  That a brand of premium toilet paper or something?
136,21,After they sniffed it.
137,1,They pooped the glue
138,13,That motherfucker with his preference for Dijon Mustard.
139,2,"It was the arugula 

Such an elitist Obama was not like Trump he‚Äôs a poor guys guy  /s"
140,3,Charlie Kirk looks like if you shrank Mario's face in Super Mario 64
141,1,Toilet Paper USA?
142,11,"This has been the worst trade deal in the history of trade deals, maybe ever"
143,2,"Haha the ultimate loophole he writes off the hair-glueists salary as an expense, when he never actually pays them, just has a guy that he pays to make excuses and find a new glueist when they get fed up and quit. He also has another guy that gives excuses to that guy. Kinda like a it's turtles the whole way down. 

:-("
144,1,It‚Äôs like wine or whiskey to them. Gotta give it a sniff first to savor the flavor.
145,1,Injected it.
146,190,I think I just became pro-gun.
147,26,[deleted]
148,19,"That guy had way better gun control than that preppy white Karen couple, just sayin"
149,8,Hell yeah brother
150,221,This is actually exactly what it is. We need more black gun owners to get out and join the protests
151,49,Arm the Left!  üè≥Ô∏è‚Äçüåà‚úäüèº‚úäüèø‚úäüèΩ‚úäüèª‚úäüèæüá∫üá∏
152,9,"Thats exactly what they want actually.  The powers that be are secretly fanning the flames of division to keep our attention away from corruption and the widening gap between the classes.  They are hoping a praying that a race war breaks out.  Divide and conquer 101.  And if some sort of armed revolt were to happen it would play directly in thier hand and they would be able to respond with true force and allow the police to gain more power.  

This is just another way they are keeping the common man down and at the same time centralizing power.

If we could all unite despite color or creed the ones causing all the flaws in our society would be in big trouble, and they know this. They also know people are starting to pay attention more to things like the corrupt and defunct healthcare system, so they subliminally ignite racial tension."
153,4,"Every single gun control law in history is due to this reason.

* No gun, in the history of the US, has ever been banned.

The police and military are always allowed to keep theirs. What *IS* ""controlled"" is just *WHO* can own it."
154,3,"Absolutely true, all the politicians that claim they support black lives matter movement are working to take away the gun rights of Americans."
155,1,b
156,1,I have been saying for a long time now that we need black and white men and women to move together with their legal firearms. I have been waiting for this for a while now and it feels so good to see it. We need larger numbers.
157,1,"I‚Äôm very pro gun and want everyone to exercise their rights.

But I think the reason people are hesitant about this, is because people have been dying and getting maimed all over the country in riots associated with blm. The confederates just stand around in front of buildings, they don‚Äôt loot them then burn them down.

Even though obviously BLM is in the right and confederates are not, only one of them has a recent track record of negligent destruction and murder in the public‚Äôs eye."
158,32,Next level!
159,26,People like him are exactly what this country needs.
160,1,He sounds like a true Chad
161,116,"The pigs are armed. The military is armed. The fascists are armed. The confederates are armed. All of these armed groups are killing minorities. Millions of gun owners who aren't in these groups would take their side over ours anyway. There are 400+ *million* privately owned guns in this country, which doesn't include what the pigs have - and they aren't going anywhere.

Why should a right wing establishment masquerading as ""progressive"" expect minorities to be unarmed? It's either ignorance or it's malice."
162,25,"I'm a 40 yo college white dude that grew up in whiteland, and \*I\* feel way the hell more safe with these guys carrying weapons than the cops. And WAY safer with them than the bugaloo morons."
163,15,"Same here. I‚Äôve come to learn that all the people I was told were scum and dangerous turned out to be regular people just trying to live their lives. And I found out that all the people around me who our white supremacist capitalist society reveres were the real rapists and murderers and abusers, the real dangerous people."
164,4,Agreed 100%
165,6,Notice he's not pointing it at anyone. Like those fools from Missouri.
166,1,"These guys know they're going to face actual consequences for any misuse, disproportionate consequences. Whereas other parties mentioned have no idea what consequences are. Much less scary for these people here to be armed."
167,0,"Get a gun and get trained, you'll feel a lot safer"
168,-2,White supremacists terrorists? Remember that the media is quick to label any armed protesters as terrorists. They do this to taint their imagine which ultimately allows politicians to away our (citizens) rights or institute unconstitutional laws. These false labels can be put on anyone and shouldn't be passed around as fact.
169,17,"It was just a tad excessive (just my opinion), but he maintained awareness the entire time.

I‚Äôd have felt safer being right in front of him while he had the firearm in his hand than I would with virtually any LEO with a holstered sidearm. 

And that‚Äôs as an old grizzled white man. 

Anyone catch the website he gave at the end?  I‚Äôd would be interested in pursuing their wares."
170,8,"Funny thing, most modern hand guns don't have manual safety. If he's carrying a sig p320 (which is what it looks like) it doesn't have a manual safety"
171,1,"Unholstering a weapon in a crowded room is, indeed, not gun safety."
172,1,Military training
173,113,"No one wants to believe it but our government doesn't give one shit about anyone who is not rich, powerful, influential or compliant. they want us all dead or slaving away at 4 jobs. They want wage slaves. If you ain't a wage slave you're a threat."
174,30,"I have to push back on stating that this is administration specific.
Systemic racism, oppression, and terror isn't adminstration dependent. This is the system working as it's designed. Every executive administration has enforced the same oppression, they've just had different tools at their disposal. 
Obama could have given a nice, powerful speech to unite us, but then the problems would go back to being swept under the rug, instead of being in people's faces at protests, social media and as front page news.
Just like he said, ""Don't [just] start paying attention when we start responding."""
175,9,Preach!
176,6,‚ùóÔ∏èhijacking to share their store http://store.sleepisfortherich.com/products
177,4,"Sanders has been out there fighting tooth and nail for decades, and look what they did to our boy.


Edit:
1/4 of every tax dollar spent(discretionary budget)/year goes to weapons manufacturers. The big three have committed at LEAST 3 billion in fraud (Lockheed,Boeing,...1 more(?)) while taking in 1 trillion from tax payers in 2 decades. (We pay 90% of their overhead)
‚¨áÔ∏è facts he spits"
178,2,"EXACTLY! This is in Shreveport. The day before this they were peacefully protesting to remove a statue downtown and some Confederate supporters came with their guns, screamed and yelled at the protesters and one crazy lady even hit a sign out of someone's hands!"
179,-1,Source?
180,-2,"> BLACK LIVES MATTER!!!

""But not as much as broken glass"". - Enlightened Centrist Democrats"
181,-3,"Uuuh yes you can? That's the whole point of the second amendment. Gun control is racist and elitist, simple as that."
182,-1,Ughhh you can....
183,13,"He had me from the beginning, but that just sealed it."
184,8,Did you hear what he was advertising? I couldn‚Äôt catch it. I‚Äôd love to check it out and support.
185,5,"So much this! Mofos don‚Äôt read! It‚Äôs in every facet of the Confederate Constitution, but the war wasn‚Äôt about slavery. Gtfo it was almost exclusively about slavery!"
186,1,Coming with that CVS type receipt.
187,29,"Shreveport, LA.

He has a shop called ‚Äúsleep is for the rich.‚Äù

https://www.essence.com/amp/news/sleep-is-for-the-rich-gun-club-vows-protect-black-women/"
188,8,He says something about Bozier so I‚Äôm thinking Louisiana.
189,2,New Orleans?
190,1,I too would like a video link.
191,1,https://www.facebook.com/2280846522001297/posts/3075335319219076/?vh=e&d=n
192,4,I agree I want to send them money.
193,3,"Shreveport,la"
194,3,"This sort of action has its place, but I think you have a good point. I‚Äôd only add that it‚Äôs probably best not to show force until you‚Äôre able to use it as part of a larger strategy that anticipates the response. 

Which means organizing, and studying history to understand what that response will look like, and learning what the motivations are behind that response. Revolution and uprising is serious business.

(Created a throwaway behind a VPN. I know I‚Äôm treading on dangerous ground.)"
195,3,Cops are used to having a monopoly on force.   Most are going to go out of their way to avoid firing on an armed crowd that could fire back.
196,1,Are there cameras that can be mounted under the barrel of a gun like a flashlight does? Perhaps something that automatically turns on when your hand is on the grip? Combine that with a helmet with photo and all saved to phone and broadcast of possible.
197,5,"That's a bullshit comment.  The right has worked tirelessly to keep guns out of the hands of non-white citizens time and time again.

Look at the work the NRA did with Reagan to combat legal gun ownership in California.

https://www.google.com/amp/s/www.history.com/.amp/news/black-panthers-gun-control-nra-support-mulford-act

Look at the racial profiling of black men in open carry states.

https://youtu.be/pYKlHQJkcHk

Now look at what the man in this video is trying to say.  A BLM protest occured a few days before this one where white counter protesters (Confederates) show up with guns and weren't questioned about the action.  They were considered to be Americans exercising their right to open carry.  When these gentlemen responded in kind however, the media immediately questioned their actions.

The right doesn't want everyone to own a gun, they want white people to own guns."
198,5,"Don‚Äôt lump all lefties together. I‚Äôm left and if I didn‚Äôt agree with this guy, I wouldn‚Äôt have posted it."
199,3,"Nah they just kill people, like they did to Heather Hayer"
200,2,üé∂Don‚Äôt want your ugly. Don‚Äôt want your disease. üé∂‚úåüèæ‚úäüèæ
201,98,r/SocialistRA and r/liberalgunowners welcome you!
202,16,r/socialistra would love to have you.
203,14,"r/2ALiberals   
r/liberalgunowners   
r/SocialistRA   
r/pinkpistols   


I'm sure there's more.  
r/gundeals if you're willing to abuse your wallet like that."
204,18,"Honestly, I think this is a good approach. It highlights the bias this guy is talking about, and with the sad state of the US if black men start walking the streets then sensible gun legislation might actually end up being passed. Guns were only banned in federal buildings after the Black Panthers showed up in them armed. Sure, there's plenty of things that could go wrong and I hope to to the gods that it doesn't, but maybe the more progressive people could use America's racism to their advantage in getting guns legislated on more sensibly."
205,17,/r/SocialistRA
206,21,"r/liberalgunowners 

Liberal meaning left-of-center, democrats, progressives, socialists etc.

Edit: disclaimer - I haven't checked the sub in a while, seemed sane when I last checked though, hope it still is"
207,8,"You might enjoy r/liberalgunowners. It‚Äôs a level headed, non-biased, welcoming community dedicated to education and empowerment for all."
208,16,"You can be progun and pro gun control. 

I am. I used love to go shooting (haven‚Äôt been in awhile). 

I still believe we need gun control."
209,105,"I keep trying to tell people in my area this. But they are still on that ""No guns - build a bridge between the cops and our community bullshit.""."
210,21,"I just want everyone to know or to check out  [https://socialistra.org/](https://socialistra.org/)  

Come check us out on our sub reddit, Just a inclusive group of 2A rights advocates that would stand behind this man without question."
211,6,"I'm here to tell you that as a white male, HELL YEAH. Lets get all the black *and* white gun owners out here fighting for the freedoms of everyone, the freedoms we have guns to protect!"
212,7,"This is exactly right. People keep yelling about how white protest haven‚Äôt been gassed and brutalized. Recent white protesters weren‚Äôt attacked by cops because they were armed.

Cops are hesitant to stomp out a guy who can shoot them and has 500 friends with rifles."
213,5,And we also need more black folk becoming black gun owners to begin with.
214,3,"I agree, but at the same time, it's gotta be considered that *certain people* might just be looking for any excuse they can find"
215,1,I'm a middle aged white guy and I approve of that message. (not that anyone needs my approval)
216,0,We need more black police officers. Alot more
217,26,"""Under no pretext should arms and ammunition be surrendered; any attempt to disarm the workers must be frustrated, by force if necessary"" 

arm the proletariat"
218,13,r/socialistra
219,6,"If you're gonna open carry or similar, do it like these fine people: in a group or with an allied gun club. An individual on our side with a gun is still, unfortunately, a target. But get a whole group and you'll be okay going out."
220,3,r/liberalgunowners
221,8,"White dude here.  Completely agree with you on that man.  All this racial divide bull shit (not saying there is not racism, not saying the system isn't fucked) is pretty much only here to keep the poor mother fuckers from turning on the rich fuckers and demanding their fair share.

Poor/Middle class whites have more in common with poor/middle class blacks/poc than rich white people or rich poc.  If all this hatred could be put aside and unite the lower/middle classes rich fuckers in their gated communities would be pissing themselves in fear."
222,1,"Fighting against police brutality is absolutely *not* a distraction from class war. The police are a tool of the ruling class. Recognizing that they target black people and fighting back is part and parcel of the larger class struggle, and getting white working class people to support the cause is valuable.

Racism won't just disappear if we focus on fighting the rich. It's the oppressed minorities that are most likely to join the fight for economic equality, so fighting for their social liberation only makes that fight easier down the line."
223,29,"This.

Whether you ""like"" guns or not, the far-right including a fascist police state and federal government, effectively has a monopoly on the use of force in this country. 

Each progressive/liberal/leftist or just non-evil person that learns how to safely operate a firearm and exercise the full suite of their Constitutional rights is working to end that imbalance."
224,5,Does that count for illegally owned guns I wonder?
225,3,Lmfao hate pigs.
226,-10,"Minorities are killing minorities too. In fact, it‚Äôs at an incredible rate."
227,8,http://store.sleepisfortherich.com/
228,1,"Yea I might personally have done a little less, but better him wave his gun around me for 3 minutes than some of these other dumbasses for 30 secodns"
229,3,Not a big gun guy so pardon my ignorance but why not? Do they have some alternative or just nothing?
230,1,"P320s come with a manual safety or without. And one can also be added to a p320 if it does not have one, part of the modularity of the platform. 
Appreciate this message, all of it. But a truly safely-armed person wouldn‚Äôt swing a gun around like a laser pointer. For anyone watching reading, once it‚Äôs out of the holster(or no longer slung if a rifle), people (and more importantly cops), can assess that as a lethal threat and shoot you. By all means, arm up America, but keep it in the holster unless you are going to aim it at a threat."
231,1,"Outside of all other issues, I pErsonally find that fact a little bit concerning. Whatever someone's stance is I think all guns should have a safety idk.. 
That being said, he still was being about as safe as you can be when holding a gun up in front of you"
232,14,"> or compliant.

They don't give a shit about the compliant, either. Because the compliant can be ignored."
233,4,They want complicit tax payers.
234,1,Okay yes but also some who work forces also burn crosses. They just hate minorities. Don't be a reductionist.
235,7,I honestly never expected Biden to get this far. Should've been Warren or Bernie instead of this senile old man.
236,1,"Your comment was automatically removed because you linked to reddit without using the ""no-participation"" np. domain.
Reddit links should be of the form ""np.reddit.com"" or ""np.redd.it""

*I am a bot, and this action was performed automatically. Please [contact the moderators of this subreddit](/message/compose/?to=/r/BlackLivesMatter) if you have any questions or concerns.*"
237,18,"Check out ""Bury My Heart at Wounded Knee"" by Dee Brown.   Also cited in a lot of other history books devoted to native Americans."
238,7,"Google ""The Wounded Knee Massacre"""
239,5,"Lol I hate when people say ""source"" w/ no context. This stuff is general information and common knowledge. Or shit you can google it yourself. 

Esp when someone isn't referring to a particular article or quote, you coming in here with ""source."" Is like your throwing doubt and then too lazy to look it up yourself. This country was created by slave owners who feared losing their slaves so they rebelled, this country was built on slave labour and genocide. 

Now go look that up on your own"
240,2,"California made this into a law.prohibited selling guns or ammo to Native Americans..look it up online im on phone right now..

SAME RACIST state banned open carry hundred years later :) you know why..

Current day...should i go on?"
241,2,"How about you google, ya lazy mfer."
242,2,I got goose bumps on it's good vs evil. This man knows what's up.
243,1,"came here looking for this, I wanna support this man"
244,1,I believe it was sleepisfortherich com! I think its their store for selling BLM clothing and pins :)
245,1,http://store.sleepisfortherich.com
246,5,"States rights is always their go to. ‚ÄúThe war was about states rights!!!‚Äù 

Okay, the right to what?

Right."
247,1,"I was raised hearing all the other issues that the war was about being used as a denial that it was about slavery. Took me years to come to this question, ""Every issue we hear that the war was about was in fact driven by the question of slavery. If the war was not about slavery, what was it about?"""
248,17,*Jack Nicholson nodding gif*
249,2,r/firearms also does. Real gun owners don‚Äôt see color. They see statists and libertarians.
250,-2,r/progun welcomes you too.  Believe it or not the majority of gun owners arent racist assholes.
251,0,liberal...
252,19,"Mostly. It‚Äôs def very ‚ÄúAmerican liberal‚Äù sometimes, but it‚Äôs not an entirely lost cause."
253,3,[deleted]
254,1,"> I still believe we need gun control.

like?"
255,1,Nah
256,0,Big oof man. ‚ÄúShall NOT be infringed‚Äù
257,92,People don't understand it takes risk to be heard. Thats why the Black Panthers were so successful. Its a shame I wasn't alive when they were big
258,56,"I don't wanna build bridges, I want to defund the police and prosecute them all on their way out. But I honestly am torn about the gun issue. I'm worried we would see many many more black boys die with no justice"
259,4,"That'd be the moderates. You should check out r/SocialistRA, or the Huey P Newton Gun Club. They'll probably have local chapters"
260,7,"Having guns is good and all, if you even know how to handle one. It won't do jack shit for exposing and making sure rotten people do not get to become cops. 

You gotta push for sweeping inquires of police records across the board, forcing records to be released to the public to expose awful things some cops have done that are swept under the rug by higher ups. 

Push for heavily stringent academy requirements, intense psychological testing, see if they respond to simple encounters with people without blowing a gasket.

And yes, try your best to build a community or you'll divide more and more people, regardless of race."
261,7,Has that sub actually reverted to liberalism?  Last time I was in it there were a bunch of clearly conservative people downvoting actual liberal ideas.
262,2,"Here's a sneak peek of /r/liberalgunowners using the [top posts](https://np.reddit.com/r/liberalgunowners/top/?sort=top&t=year) of the year!

\#1: [Yep](https://i.redd.it/3vzeyyjdnb351.jpg) | [714 comments](https://np.reddit.com/r/liberalgunowners/comments/gxuqcc/yep/)  
\#2: [Bernie Sanders calls gun buybacks 'unconstitutional' at rally: It's 'essentially confiscation'](https://www.foxnews.com/media/bernie-sanders-gun-buyback-confiscation-iowa-rally?utm_source=share&utm_medium=ios_app&utm_name=iossmf) | [1052 comments](https://np.reddit.com/r/liberalgunowners/comments/fgcsqk/bernie_sanders_calls_gun_buybacks/)  
\#3: [*ahem ahem*](https://i.redd.it/m56lk6zwwg751.jpg) | [725 comments](https://np.reddit.com/r/liberalgunowners/comments/hgv2es/ahem_ahem/)

----
^^I'm ^^a ^^bot, ^^beep ^^boop ^^| ^^Downvote ^^to ^^remove ^^| [^^Contact ^^me](https://www.reddit.com/message/compose/?to=sneakpeekbot) ^^| [^^Info](https://np.reddit.com/r/sneakpeekbot/) ^^| [^^Opt-out](https://np.reddit.com/r/sneakpeekbot/comments/fpi5i6/blacklist_vii/)"
263,2,"Dude you are so spot on.  The elites are fucking us consistently.  Get sick? Go bankrupt.  Go to school?  Get in massive debt then go bankrupt.  Get some speeding tickets?  Pay out ur ass or lose ur license then lose ur job and go bankrupt.  They shit on us over and over and charge crazy money for any little thing they possibly can.  

Meanwhile the common people are working people, they work hard for every little damn thing they have.  They work thier bodies to the bone, breaking thier backs and joints for some cold corporate scum that cares nothing for thier well being just the bottom line.  The working class trades all the time of thier life in exchange for just barely enough for them and thier family to survive.   We spend our lives doing menial work away from our loved ones.  We get one life to live and we spend the whole thing doing something we dont even want to do....it is tragic.  

Our enemy has a 2,000 year head start, as the elites have had thier position of power established since the beginning of complex civilization.  

I see a future where every man, woman, and child has a purpose and a home.  Where everybody is given an equal share.  Where we have no need for such base things like money, because we are advanced and are aware of exactly how much resources we have and how to distribute them equally amongst ourselves.  A future where there are no borders.  No elites, no class system, and no warfare.  A future where mankind has a completely symbiotic relationship with the planet, one in which we make nature better and nature makes us better.  A world where every human is working together to explore the stars and seed other planets with human life.  To go out and find other intelligence life and better ourselves and them.  A future of positivity, not like the hate, fear, and negativity we currently have.

Our enemy is against this future.  They will do anything to uphold the status quo in trade for some instant gratification.  They dont care about improving mans lot in the universe because they are sociopaths that lack empathy and only care about what they can take from you.

Its my greatest desire to see us make steps towards this world."
264,1,"I agree about the racial divide shit, but what do you consider ""their fair share?""

I ask because there is much talk of taking from the rich and I haven't completely been sold on this idea. I am not poor, I am not rich. I think I would be considered lower middle class. Lower, lower, if there is such a thing. I lost my job in April due the whole covid crap. Now I have an opportunity to get in to what would be considered upper middle class. Maybe even upper, upper middle class. There's no guarantee though and I will have to seriously bust my ass to get there. It is not a unique job, doesn't require any special education and is probably something almost anyone can do. I saw the difference in my net and gross pay before because of taxes so I can only imagine what it will be like if I am able to get myself up there. 

When I hear things like what you said, it makes me wonder why I should bust my ass if I'm going to have to turn over what I've worked hard for to people that really could have done the same thing I'm doing? What makes others entitled to demand I hand over ""their fair share"" of what I busted my ass to get?"
265,1,"Thats not what i meant.  I meant white vs black is a distraction from the class war.  And i believe it is by design and being purposefully pushed in many ways to keep us divided and dominated. 

I just meant that they have turned us on eachother so we look not to them."
266,1,"
>	police are a tool of the ruling class

This podcast touches on that. 


https://www.reddit.com/r/BlackLivesMatter/comments/hiogty/i_would_like_to_tell_you_about_a_podcast/?utm_source=share&utm_medium=ios_app&utm_name=iossmf"
267,4,"It's cute when this is brought up when it is entirely beside the point.

But thanks for trying, I guess."
268,2,When they get caught they get prosecuted. Pigs get away with it. Big difference
269,12,"It depends what type of gun and in what state it‚Äôs carried. 

For example most revolvers have the option of being fired ‚Äúdouble action‚Äù - that is, pulling the trigger both cocks the hammer AND releases it to strike the round. These are normally carried with a round in the chamber, but uncocked. 

Due to the trigger pull having to do two separate actions, it‚Äôs a heavy pull - hard to do accidentally, so double-action revolvers rarely need a dedicated safety. 

Other revolvers are ‚Äúsingle-action‚Äù (getting rarer these days). In these, the revolver must be cocked, THEN fired. In these you have the option of either carrying cocked, with a manual safety, OR carrying uncocked, in which case you don‚Äôt need a safety. 

It‚Äôs a similar logic with many autoloaders. Autoloaders are typically carried with a round in the chamber, and with EITHER a manual safety, OR an internal hammer decocked or at half-cock, to lengthen the trigger pull so you don‚Äôt need a safety. 

Some people prefer to carry with an empty chamber, in which case a safety catch is completely unnecessary as it‚Äôs basically impossible to rack the slide of an autoloader by accident.  

Many guns (especially autoloaders) have ‚Äúgrip safeties‚Äù built into the grip (no kidding) so if your hand isn‚Äôt pressing them, the trigger is disconnected. Meaning if the trigger snags on something in the holster etc, it won‚Äôt go off. 

Finally, no safety catch is as effective as learning and performing correct trigger discipline, and following the other rules of gun safety, the most important being: 

All guns are always loaded, ESPECIALLY when you know they aren‚Äôt loaded, and

Never point a gun at anything you don‚Äôt wish to destroy, and wouldn‚Äôt be comfortable to admitting killing in court. 

Hope this helps. Sure I missed something, but there you go. 

Oh also, in some jurisdictions and/or professions, limitations on how you can carry may exist, for example not being able to carry with a round in the chamber."
270,1,"A lot modern handguns like Sigs or Glocs lack manual safeties for a lot of reasons, but mostly because they are antiquated and also because of what was mentioned above with ""life or death"" situations. 

They are antiquated because we have progressed handgun technology to the point where the amount of extra safety you would get is a diminishing return (with proper trigger discipline) and the safety would just get in the way when you need to fire. The main reason for safeties on auto-loading handguns historically was actually to prevent things like the gun firing while racking the slide (slam fire), or when the gun is dropped (although negligent trigger pull was a major reason, it wasn't the main reason). For example, Glocks and other modern handguns without safeties have something called a ""firing pin block"". This part of the handgun makes it virtually impossible for a handgun to fire from being dropped or slammed, because the firing pin will have nowhere to go. Also, Glocks/Sigs nowadays have triggers that are much harder to pull than traditional handguns, significantly reducing the chance that the trigger gets bumped and the gun goes off. It's extremely unlikely that any Glock would fire while in a holster. 

I hope this clears things up and also that it was educational. 

Source: I have owned firearms for most of my life, I build my own custom handguns (which is federally legal, check your local laws), and my stepfather is an FFL licensed firearm manufacturer and I learned what I know from him.

Edit: Also, make sure you know your firearm well, especially how to safely operate it and whether or not it has a firing pin block."
271,1,There are guns made with various safety features. If you look up a security 9 look at the trigger. That particular gun is ‚Äúdrop safe‚Äù but it also has a manual safety. A 1911 has a few safety features one is on the back side of the grip.
272,1,My glock does not. And most home owners that use guns for said protection don‚Äôt work on drawing on a person and taking safety off. You need to practice holster to firing positions. And that includes taking safety off. And people don‚Äôt practice that and in stressful situations they fuck up
273,1,"On many handguns you can buy either the manual safety version, or the one without (to answer your question that's no alternative, just nothing). California and some other states require manual safeties, so a fair amount of guns  come in both flavors.  


That being said, handguns without safeties certainly seem to be more popular. Most handgun owners believe they don't need a safety. They say, ""The only safety they need is between their ears."" They believe that being able to draw and shoot quickly is more important than having an extra safety device.   


And besides manual safeties, handguns do have other kinds of safeties in them to help prevent accidents and negligent discharge. For example, most (if not all) modern handguns are drop safe. That is, they will not shoot if dropped (contrary to what movies would have you believe). Also, many handguns have trigger safeties that make it much harder for a trigger to activate if it is caught on a stick or some clothing. It requires the full even pressure of a finger to activate. Revolvers also have a safety that prevents their hammer from contacting the primer and shooting the gun, even if the hammer is hit forcefully from behind (old guns did not have this and you had to carry with one chamber empty to be safe)."
274,10,"Well, the decision to remove manual safties is due to the fact that in a compromising position aka shit hits the fan and you have to pull your gun, a manual safety is another road block that can potentially get you killed in a combat situation. The guy in the video knows his shit. Trigger discipline is amazing. Not once does his finger veer near that trigger. The gun is always pointed in a safe direction. Up or down. He has to be a veteran. Regardless of the position on safeties. Training takes priority. He definitely has that."
275,2,"Look up what a striker fired handgun is and understand the mechanism, then do some research on what the three safeties are on a Glock. These are the trigger safety, firing pin safety, and the drop safety. Glock is a popular brand of striker fired handgun, but many other manufactures make them as well. These negate the need for a traditional manual safety, meaning one that is physically switched on or off. The benefit is in a life or death scenario there is one less thing to go wrong, whether that be via mechanical or user error. I would post links but I don‚Äôt know if they‚Äôre allowed here. Anyone who sees this can DM me if they‚Äôd like more info with sources on this."
276,2,"A mechanical gun safety is more of a last measure safety feature.


Keeping a finger off the trigger is the most effective safety feature, and mechanical safety's can fail when you need them the most.

While I'm not against safety's I am against the mentality ""all guns should"". Certain ""common sense"" features, such as a loaded chamber indicator, can add a sense of security that encourages people to pay less attention to safety rules. In the case of a loaded chamber indicator these features can actually be dangerous in life or death situations.


See P38 for details."
277,17,No but Progun is full of right wing spurgs
278,1,"I browsed the sub for the first time today, and man it‚Äôs a wasteland of fuddery."
279,1,[removed]
280,1,? That's the subs definition of liberal
281,12,"My town has a group of folks calling themselves the ‚ÄúNew Panther Initiative.‚Äù they were just in the news a few days ago because a white pawn shop owner refused to sell them guns. They started an impromptu protest and forced the business to close early.

The fb group is full of marxist literature. The group as a whole seems way less militant than the OG panthers, but it‚Äôs still great."
282,14,"People don't even understand them that well. I see those photos of them with hunting rifles in front of a courthouse, and I recognize half of them as PhDs, philsophers, thinkers, a lot of careful intelligent men who fought with words and ideas and a fantastic grasp on revolutionary issues. Some people literally think they were terrorists because they see a beret and an afro and think it means Viet Cong or even criminals. Incidentally, the gay movement was built around the Gay Liberation Front, named after the Viet Cong's Vietnamese Liberation Front, but no one wants to remember them like that."
283,24,"The original Black panthers in the very beginning fought for true justice trying to stop clearly racist cops from using minorities as scapegoats and calling cops out on clear bs. Then they became corrupt when the original leaders stepped down and became a clear terrorist anti-white group where they believed that all African Americans are falsely accused . However, the new black panther party is by far the worst it is anti-Semitic, blatantly racist, and a complete joke of an organization."
284,2,That is actually the argument against guns. Look what happened to the Panthers. I think we need a mix of many things. The brothers with guns are part of what is. Necessary
285,39,"Its not like they go any easier on the unarmed ones, whether they're in gym shorts jogging through a neighborhood or on the ground with their hands up.

*Not* having a gun  will do nothing to protect black men and women from the same violence brought down on armed black men and women."
286,4,"> I don't wanna build bridges, I want to defund the police and prosecute them all on their way out.

Defund or Abolish?

Because, they're not the same thing."
287,1,That‚Äôs exactly what will happen üò¢
288,1,[removed]
289,5,If only...
290,1,"Fred Hampton, Angela Davis, et al didn't just dream that, they were doing it and they killed Hampton and others for it.

Now millions are doing it and there's not much they can do about it."
291,1,[deleted]
292,7,"I agree. Dems use guns just like the GOP uses ""illegal immigration"". They sensationalize and hype up the issue and offer empty and/or useless solutions but use the fear it riles up in people to get voters to turn out.

In 2019 cops killed more people than have been killed in all school shootings in  American history, combined. Dems seem to want them to be the only people with guns. I want a third party too. This year, I will probably vote for whoever has the best chance to hand Trump a loss, for personal reasons."
293,1,"Please point out any laws that Democrats passed ALONE without bi partisan support that limits gun ownership in a meaningful way.

Remember without nonpartisan support."
294,4,He says he‚Äôs a veteran in the video
295,4,"Absolutely with you on his discipline and what makes the most difference. You bring up a very interesting point about safeties that I'm not really equipped to effectively respond to, but thank you for helping me get more informed!"
296,1,Statist
297,1,[deleted]
298,1,"LMAO then you are not pro gun.

>Waiting periods between purchase and receiving. 

This does nothing to stop gun violence. All it does is make it inconvenient for people that ACTUALLY need defense.

See: corona virus riots / race attacks against asians

>A national registry, same as we have with our cars. 

Cars dont have to be registered. there's a reason theres things called ""street legal"". I can buy a car, and as long as I keep it on private property, i dont need to register shit.


>Class requirements (again same as we have with our vehicles) for gun safety and use. (Yes, I realize that guns all differ on aspects, but overall there are similarities to reach about.)

Except the state gets to decide all these things.

Class? Oh its 1PM on wednesday. oh whats that? you have work? guess no firearm for you.

Oh it also costs $500 dollars. whats that? thats too expensive. oh well.

These are all things that would overwhelming effect POCs who A) often times are lower end financially, and usually in jobs that have very inflexible work schedules 


its funny that you think that state will in no way trample on rights given the chance.


See: Kentucky voting booths.


And here's a takeaway. **RIGHTS ARE NOT GIVEN TO YOU. They are yours to begin with**

There's a reason you dont need state's permission to exercise freedom of speech.

[You dont need a ""license"" to excercise freedoms](https://www.pemagazine-digital.com/pemagazine/july_august_2019/MobilePagedArticle.action?articleId=1501918#articleId1501918) 

Nor do you need a class to exercise any of your other rights."
299,1,"> Waiting periods between purchase and receiving. 

Proven ineffective in study after study.

> A national registry, same as we have with our cars. 

There is no national registry for cars in the United States.

> Licenses required for all firearm purchases, regardless of shotgun/rifle/handgun type. 

Blatant violation of an enumerated Civil Liberty. Would you accept requiring a license to vote or comment on the Internet?

> Class requirements (again same as we have with our vehicles) for gun safety and use.

No such thing as a class requirement in the United States.

Got any ideas that haven't been proven ineffective and aren't blatant violations of the Constitution?"
300,0,"So rights don‚Äôt need those things, because the monetary restriction placed on it, makes it so not everyone can exercise it. Hence why its unconstitutional to require an ID to vote, or a literacy test. All gun regulations are unconstitutional."
301,0,"> Waiting periods between purchase and receiving.

Why?  A right delayed is still a right denied.

> A national registry, same as we have with our cars. 

Why? Why violate our privacy so government has a means to confiscate all firearms as they are doing right now in Canada and New Zealand? 

> Class requirements (again same as we have with our vehicles) for gun safety and use. (Yes, I realize that guns all differ on aspects, but overall there are similarities to reach about.)

Why? Driving on public roads is not a right. Owning a gun is a natural right? Especially since we have over 400 millions firearms and less that 0.01 percent are used in crime or self-harm. I'd say an overwhelmingly, gun owners are very responsible at owning guns. Maybe we should bring back gun clubs and classes at public schools and make the class for them mandatory as part of our Civics studies."
302,14,The new black panther party is a completely separate org unrelated to the bpp
303,5,">Then they became corrupt when the original leaders stepped down and became a clear terrorist anti-white group where they believed that all African Americans are falsely accused .

What on earth is this. Are you referring to the BLA?"
304,19,"I agree with that. I completely agree. And we NEED protection! The question is whether or not guns will lend protection, and even though I grew up around guns I have never found comfort in guns, especially when holding a toy gun gets you shot to death with no recourse"
305,2,"This, 100%
My take? 
The police have been acting trigger happy and murdering adults and children alike to condition the community to fear touching anything even vaguely resembling a weapon, so we can never defend ourselves. 
That way the police will easily keep their power. 
We can't fall for it. We can't let them make us live in fear."
306,6,I will hesitantly try it out...
307,1,All about the 2A love. Don‚Äôt give a shit about party stans.
308,6,[deleted]
309,2,Don't need to be eloquent towards racists. You don't need a membership card for being a hateful jackass.
310,0,Don‚Äôt even bother dude
311,17,"That's also totally understandable and I can see where you're coming from. I have no issue with folks who choose not to own a gun! I personally, by privilege of my testicles, will never exercise my right to an abortion, but I will never try to deny someone else that right. 

I more take issue with pseudo-woke (usually wealthy, white) democrats who are too privileged to appreciate the relevance of the 2A. They aren't someone like you making a choice not to be around guns. Guys like Bloomberg don't carry themselves, but then they pay 5 men who are armed to accompany them at all times while they work to deny everyone else that same safety and security."
312,12,[deleted]
313,2,‚ÄúBiden is a literal communist‚Äù. We can only dream brother
314,3,You cant reason with people who start out unreasonable lol.
315,1,"> You are a gun nut.

TIL I'm a gun nut because I don't agree with handing over more power to state that's shown time and time again it cant be trusted.

I figured of all the subs this one would be devoid of bootlickers yet here you are."
316,1,"From your comment above ""I‚Äôd ideally prefer guns to be kept out of everyone‚Äôs hands.""

So you're not ""pro-gun"" you're anti-gun. Literally the opposite."
317,1,">You are a gun nut.

great argument.

being pro-freedom especially freedoms that help pocs makes me a ""nut""

LMAO."
318,0,">You are a gun nut.

Nice, way to make a personal attack rather than making an argument. You may be pro gun, but you sure ain't pro 2A."
319,11,"Or, more to the point, white folks often aren‚Äôt the target of police brutality, and mostly enjoy legitimate protection  by the police. Why would I need to carry, my skin alone means the cops will actually protect and serve me!

I do get that. I guess I‚Äôm personally not prepared for what escalation might bring, so I‚Äôm really torn. 

Edit: to be a little more explicit, the cops have dropped bombs on neighborhoods before, and I‚Äôm sure they‚Äôre itching for a reason to do it again. We shouldn‚Äôt have to live in fear, and for many 2A is the answer to that. But we cannot fight a literal war against cops who are more armed that most militaries"
320,2,"> I more take issue with pseudo-woke (usually wealthy, white) democrats who are too privileged to appreciate the relevance of the 2A. They aren't someone like you making a choice not to be around guns. Guys like Bloomberg don't carry themselves, but then they pay 5 men who are armed to accompany them at all times while they work to deny everyone else that same safety and security.

Whenever I hear people like that talk about gun control, the image that pops into my head is a half dozen of them at a banquet whispering to each other; ""You don't want to see a Black man walking around with an AK-47 do you?"""
321,9,"Honestly, it doesn't even need to be about a fight, and I don't even like going down that road in reddit discussions, because lots of cosplaying Boogaloo Bois crawl out of the woodwork. 

Rifles let you resist, and they ensure that your non-violent protest isn't extinguished. Consider how police are treating the righteous, peaceful BLM protests compared to the GRAVY Seals protesting the pandemic.

 Another recent example of wrong people using the right methods was Cliven Bundy and his ranchers were a perfect illustration of how cameras + internet + armed folks willing to take a stand = successful resistance."
322,7,"The whole point of the 2A is to be able to fight against tyranny and the only reason the government is more armed than us is because every gun law is an infringement on your Second Amendment Rights. ‚ÄúNobody needs a fully automatic weapon‚Äù, ‚Äúnobody needs more than 10 rounds in a magazine‚Äù, etc. besides the Government of course because they need to have the power OVER the people. And to your last point of you can‚Äôt fight a literal war with them then what was Vietnam? Mostly rice farmers with old AK‚Äôs beat a force with trillions of dollars."
323,184,"Thank you. I know we're an idiocracy with the attention span of a goldfish, but not every piece a media needs a Hollywood soundtrack to keep people watching."
324,8,Original sources will matter as we fight to restore facts and decency in our democracy. Thank you.
325,7,"The original is so much harsher than the edited one, this woman is amazing.  I couldn't read her name on her placard, who is this woman and what is her job?"
326,3,u/teslafan900
327,3,Thanks!!
328,3,"Sorry to hijack the top comment, but does anyone know the video where the police are abusing the disabled man?

I'd like to post it to my subreddit /r/disabledrights"
329,2,Thank you!
330,2,I wish she'd let the guy finish talking so we could hear how he justifies responding to police brutality protests with police brutality.
331,1,Thank you.
332,21,It‚Äôs like the trump videos you see on Facebook talking about how our country is a dictatorship because we held a democratic election to choose the leader of one branch of government
333,48,[deleted]
334,10,"Coming to you this January, the new Michael Bay film....

*cue dramatic music*

DISBARRED"
335,3,Yeah the video interstitials were nice but the music was too much.
336,1,"Music in video clips has become a cancer. 99% of the time it is completely unnecessary and inappropriate. Big fucking thanks, TikTok."
337,15,Yep.  And even *he* knew he should resign before the end of it all...
338,11,"File a complaint against him. https://www.dcbar.org/attorney-discipline

I filed one last year. The more people who file, the less they can ignore it. https://thehill.com/regulation/court-battles/508489-more-than-two-dozen-dc-bar-members-urge-disciplinary-probe-of-ag"
339,14,"True, but now you also know who *has* taken all their money out of the bank and you also know who isn't going to be home that day. Not that I would in anyway endorse robbing your friend..."
340,5,A trump lover tried to tell me that if trump lost the stock market would crash lmao
341,6,"I respectfully disagree. The extreme right wing terrorists already have them, and they aren't giving them up. Even with a ban, the police will continue to have them, and many of them have proven this week where their allegiance lies.

The reality surrounding the idea of banning automatic, semi-automatic and other lethal weapons is the same as the reality surrounding right wing ideals maintaining criminalization of drugs and their attempts to criminalize abortion. Making something illegal, doesn't make it impossible to obtain. It just makes it more difficult to obtain, and creates criminals out of otherwise law abiding citizens."
342,5,I don't understand the point of this. If you are afraid of the way government treats you why would you want to bam firearms. Why trust the se government with your safety? Why not arm yourselves to protect yourselves from tyranny?
343,3,"I assume you mean ""assault rifles"" and not all semi-automatic weapons.  If you banned all semi-automatic weapons that would also include most pistols.  You're talking about banning hundreds of millions of weapons.  

Let's ignore the fact that this would never pass; from a simple logistics standpoint there is little chance you would actually get most people to voluntarily turn in these weapons.  Any chance of success would require a buyback program.  A buyback program large enough to pay for hundreds of millions of weapons would probably cost a trillion dollars at least."
344,4,Absolutely not.
345,3,"Dude... the guns are not the problem, the Nazis are. Ban ‚Äúsemiautomatic weapons,‚Äù and you‚Äôll still have a Nazi problem. 

Do you really want the cops... who are friends with the Nazis... to be the only ones armed,"
346,-5,[removed]
347,0,"Yes. You should ban heroin, cocaine and murder while you're at it. Oh wait. When will people understand that bannig something doesn't work?"
348,3,"Is it possible you're brainwashed to not view the significantly higher levels of White terrorism as violence and murder because of the racism you've been conditioned to accept as fair in American society?

EDIT:  

Your comment has been removed because we do not have the time nor energy to educate you. Please visit [r/socialjustice101](https://www.reddit.com/r/socialjustice101/) if you need resources to unlearn racism, undo racism in your social groups, or for better understanding of what Black Lives Matter means.

Refer to our stickied post [here](https://www.reddit.com/r/BlackLivesMatter/comments/gvc7y2/read_before_posting_posting_guidelines_and/)"
349,1,"Who was murdered by BLM protesters? I think I remember 2 instances where it was alleged that a BLM activist, not a protester killed someone. One ended up being by boogaloo boys and the other never went to trial because police shot and killed him hours after an arrest warrant was issued, giving him no chance to turn himself in and witnesses say the police didn't identify themselves and immediately opened fire as they left their vehicles and they initially assumed it was a gang hit before seeing the police label on their uniforms."
350,2,[No.](https://en.wikipedia.org/wiki/Sergeant_at_Arms_of_the_United_States_House_of_Representatives)
351,2,/r/confidentlyincorrect
352,55,"I tend to watch videos on mute so I appreciate the captions.  This one was over the top, though.

Edit:  How did I get a chocolate chip cookie?  Is this good or bad?

Edit2:  In exploring the sidebar further, I think I‚Äôve been visited by the Flairy Godmother!  Thanks for the cookie, FG!"
353,15,"Normally I would agree with you, but I think that in this case they need to reach out to a broader audience. We need this to be heard by both intelligent people and also the people with the attention span of a goldfish.

Both. Both is good. Forward this one to your goldfish friends and family. Send the full version to the ones with a more robust intellect."
354,7,"Sorry, I dozed off half way, can you put some killer explosions and some sick beats in your comment so I can finish reading it."
355,7,"Yes, but can we actually discuss the topic instead of focusing on the sound track."
356,6,My sentiments exactly.
357,1,"Yea, that was definitely a poor choice in backing music"
358,0,Seriously the real vid is better
359,14,Rep. Pramila Jayapal
360,13,"Rep. Pramila Jayapal (D-WA), member of the House Judiciary Committee and chair of the House Progressive Caucus.

She also tested positive for COVID recently after sheltering with Republican members who refused to wear masks during the Jan. 6th Capitol assault."
361,2,"Come join us in Seattle  friend,  all will be explained."
362,14,Sadly true
363,-7,[removed]
364,5,"I‚Äôve never heard of anybody using a bag of meth to kill tens of fellow human beings in schools, malls or places of worship in seconds. Guns are weapons that make killing very easy. 

Stop bullshiting us with ‚Äúwhat other rights are you willing to give up?‚Äù Your ‚Äúright‚Äù of being armed like a soldier in a civil society makes the vast majority feel unsafe. Why should your right trump theirs? 

I live in a country where we don‚Äôt allow guns, and that is reflected in the amount of shootings and killings compared to your country where you claim guns in a ‚Äúgood guys‚Äù hands prevents bad guys from doing bad stuff. The statistics are on our side not yours."
365,2,Are meth and heroin not banned?
366,2,‚ÄúPeople break laws so why have any laws at all?‚Äù That‚Äôs you. That‚Äôs how dumb you sound.
367,1,Yes meth and heroin are banned
368,24,There are bad chocolate chip cookies?
369,9,Don't ask. Just eat.
370,12,"Plus, she tested for Covid after the attacks on the Capitol since some of her Republican colleagues refused to wear masks in the safe rooms."
371,5,City of Seattle doing their part in pulling the rest of the country into the 21st century.
372,3,"Thank you!  I hope she is okay, that's so frustrating."
373,-4,"Why imply something you cannot prove?  It seems more likely that she contracted it from the rioters, but it's impossible to know.  Why speculate?"
374,7,"So Trump supporters are worse than terrorists then, they literally beat a cop to death.

How many BLM protests ended in cop's deaths? Despite cop brutality being the target of said protests"
375,6,The irony of your statement... the Capitol terrorists destroyed their own livelihoods and those of their own families while destroying federal property and calling to kill people. While BLM keeps protesting against killing.
376,6,"Black lives matter isn't even an organization is it?

I thought it was a movement"
377,6,"One side fights for human rights, the other side fights to keep a corrupt, great value demagogue in power."
378,2,Toodles!
379,0,"There are 10s of millions of legal gun owners and 10s of people using them illegally and inappropriately and YOU'VE got the math?

I'm 100% behind regulating and a better job at revoking licenses on people who have shown poor judgment in any way, but you have to realize that banning semi automatic Firearms in the US is a pipe dream. The suggestion of it usually demonstrates a fundamental lack of knowledge of firearms in general. 

I'll leave you with this: what do you do about the ones out there now? I have a pistol from the late 1800s that still shoots just fine. Ammo in a sealed container lasts basically forever. 

Are you going to a buyback program? Do you have any idea how much that would cost?

What happens to the lord knows how many people make their living off the firearm industry?

Come up with an idea that has a hope of working, you will get support from a lot lore people."
380,-1,"it‚Äôs impossible to ban weapons in america with just how many millions we have currently. it worked for your country but it won‚Äôt work here. i don‚Äôt want a ban on weapons as a leftist and a sikh i think everyone should be armed to protect themselves since we should not trust someone else to do it for us. (also look at these hogs with guns, do you really want your side to not have any?) however i agree that there needs to be strict regulations and systems put into place for ensuring criminals and mentally unstable individuals from getting them. i also feel as though we need some kind of comprehensive education/training to all people that choose to own a weapon."
381,-1,"Guess you‚Äôve never heard of drug dealers or cartels then. 

Firearms will never be an issue of the firearm in and of itself allowing someone to exert power in a way others disagree with. The problem is the human condition. The tool is irrelevant. If a human being seeks to cause harm, they will figure out a way to do it. 

In other cultures and societies blanket bans on firearms may be the reality, but to say that ALSO ‚Äúviolent crime‚Äù is at 0% or virtually non-existent is absurd."
382,10,Only the pretend ones that have raisins instead. Disgusting. Actual chocolate chip cookies though? No such thing as a bad one.
383,2,Yeah the ones where they're actually raisins instead of chocolate chips.
384,2,Good point!
385,5,I LOL'd.
386,4,You survives
387,4,"We prefer the term ""Anarchist Jurisdiction of Seattle"""
388,2,"Considering the response of the mayor of Seattle to the BLM protests, I‚Äôm not sure I‚Äôd go that far. Rep. Jayapal is good, though."
389,3,"That dude got a point though.. US is way over the top.

You've got on avg. 1.2 firearms per person in 2017. Highly likely that it's more now. Literally millions of unregistered firearms, like at least one mass shooting somewhere in the stats with multiple deaths, policemen having their hands at least on the holster when asking for a license when you broke the speed limit.

There's a weird fascination with guns in the states - and certainly seen in the last few weeks - people are even using them as threats."
390,2,[deleted]
391,3,My girlfriend's family actually had a tub of premade chocolate chip cookie dough that they bought and all you had to do was scoop some dough and bake it. Those were horrible chocolate chip cookies
392,4,Raisin cookies are awesome.
393,4,"Or even worse, IMO, *carob chips.*"
394,3,"I‚Äôm good with a raisin cookie that calls itself a raisin cookie, especially the oatmeal ones.  Just don‚Äôt sneak the raisins in and pretend they are chocolate chips."
395,3,"Raisins are just fine for other people, just not for me, and especially not in my chocolate chip cookie. Oatmeal chocolate chip is the best though!"
396,2,Hear me out. Rasins AND chocolate chip cookies. <3
397,286,"Not being an outright racist isn't hard, but getting over more subtle, internal racial biases can be, and so can really understanding the historical *and* current racial struggles of Black and Indigenous people.

I'm a white guy that used to be somewhat anti-BLM around 2016, so I can provide some perspective. Basically, our education system and media networks whitewash *the fuck* out of our country's history.

I was led to believe that after the Civil Rights Movement has ended, equality was fully achieved for everyone and that any inequalities were small and mere coincidences since, *on paper*, everyone had equal rights.

Schools don't teach you things like redlining, race riots, genocides, horrific imperialism, COINTELPRO, and how historical continuity works in regards to how oppression and its impacts don't just end overnight and that oppression can exist without it being explicitly written into law. 

You only learn about that stuff by doing your own research and contemplating over history on your own, which took me a couple of years.

I was an early teen when I learned about BLM, so it was actually easier for me to come to accept the truth about this country since I hadn't fully internalized the pro-US propaganda in our schools and media.

I imagine that it's a decent bit harder for adults, especially older ones, who would have been fed *nothing* but whitewashed propaganda while they were developing as a person."
398,36,">Why can‚Äôt more people take this step?

Nice choice of words"
399,6,I struggled with this for a while. I can‚Äôt really explain it. I grew up around people that said stuff like ‚Äúif they would have complied they‚Äôd still be alive‚Äù. And in many cases that may have been true. The part they always left out was ‚Äúnot complying doesn‚Äôt mean they should kill you‚Äù. I understand that now. I live in a really small town that I never would have imagined in a million years would have held a BLM march. But a few months ago we did. And their were hundreds of people there. I‚Äôm proud of my little (95% white) town. We‚Äôre all learning hopefully.
400,2,"Not supporting racism is *really* hard. Maybe having active and chronic hatred is something easy to get rid of, but supporting or even being neutral to the police, most government officials, cultural ideas, media and even jokes is supporting racism. Racism is structurally woven into our society and it‚Äôs hard to pull out those threads without tearing the whole thing up, which isn‚Äôt something most people are willing to do."
401,1,"A lot of people in these communities aren‚Äôt racist, they just only see right wing propaganda all day every day. 

They‚Äôre racist by association. All it takes is being exposed to different world views and racism fades away."
402,1,Not being racist means accepting truths about the nature of reality and human life that they are not willing to accept. Racist psychology is more complex than people give it credit for. It's to do with fear of being seen through the eyes of another.
403,-2,[removed]
404,17,"He lives in Bethel, Ohio. Very small. Population of about 3000. It was on the news a few months ago."
405,10,"Two broken legs later, a hero is born...

(Jk, idk what the context or history is)"
406,5,"Man I'm with ya. I never really paid much attention to things until the last few years. Between the police brutality and covid stuff, I've been fucking crushed at how people are acting. Its honestly makes me so depressed. I feel absolutely powerless. It makes me sick to watch the news everyday and watch this shit tear us apart and these fuckers not try and stop it, but actively encourage it. Its tough to not trust any government body out there. I mean is this really what people want? What the fuck is happening."
407,1,Yes!!!
408,125,"As a white man from Arkansas, this is 100% true.

Hell Arkansas either has the worst race based massacres in American History or one of the worst in American History. I never learned about it until I hit college.

[https://en.wikipedia.org/wiki/Elaine\_massacre](https://en.wikipedia.org/wiki/Elaine_massacre)

I want to get this out of my system so bear with me.

It took me a while to grow and accept BLM. I vividly remember Zimmerman and how he murdered Trayvon Martin, which I thought then and still think that Zimmerman is guilty. I remember Ferguson and Michael Brown and that's when the All Lives Matter came in. I thought the shooting was awful but I'll admit, I supported ALM because honestly as I look back, I was oblivious to the pain of African Americans. Yes I supported Trump in 2016 citing that reasoning that ""Democrats were the true racists and the Republicans gave African Americans the 13th, 14th And 15th Amendments."" I still have the Trump sign that I got from the local Republican Headquarters as a reminder of my mistake.

By the end of 2017, I realized my mistake when Charlottesville happened and how Trump hesitated to officially condemn the KKK. I might had supported All Lives Matter but even I knew that you don't ever hesitate calling out the KKK for racist bullshit. That's when I decided to reevaluate myself and my positions. It took a while but almost all of my positions changed, Gay Marriage, LGBTQ+ Rights, Feminism, and for the sake of this post, BLM.

I know that as a white man from the south, I'll never be able to 100% comprehend what it means to be an African American in this country. I will never understand the pain, the anger and the helplessness that African Americans feel and have felt on a daily basis. All I can say is this.

We are standing at the crossroads of history in the midst of the younger generations version of the Civil Rights Movement. I will not sit back and not do anything at this pivotal time. I will do everything in my power to contribute to changing this society.

edit: thank you for the award.

edit 2: As a white Arkansan, I feel that its my civic duty to warn anyone who supports BLM, any minority in general, especially if they are African American to avoid Harrison, Arkansas and in essence, the entirety of Boone County. It's pretty much a sundown town in an unofficial sundown county and is ground zero for the KKK. It might look nice but its a ruse. There is a reason why Harrison is constantly labelled as the most racist town in America.

AVOID AT ALL COSTS."
409,32,"Respect to you. You see the crap in the world all over ppl‚Äôs egos and refusal to see that maybe they were wrong or their perceptions were wrong. So yeah, major respect at the self-analysis dude."
410,6,"I totally agree.  I am a white male born in the 60's in the UK.  The scary thing and the thing I have reflected on most is my upbringing and schooling and what troubles me is the things that are taught, they are very selective and I believe made me subconsciously have subtle racist views.   The past 6 months has made me go back and re-evaluate and question everything.  The big catalyst was the interview with Michael Holding (Whispering Death) who is my idol regarding my upbringing with cricket.  He is very articulate and measured man but highlighted some of these things he suffered in his life and also the things that children and adults are taught.  This triggered my re-evaluation and has certainly hardened my views regarding the glaring inequalities that we have in the world today.  I can relate to the picture above 100%."
411,2,"Yeah I used to be like that, but I read about things people I used to follow have said and ik I've come farther the crazier it sounds to me."
412,2,I've been reading A Peoples' History of the United States. It's very depressing.
413,1,"As a kid in Highschool right now, they definitely do teach us about this now.

Hell, they even let us know that for most of history, Europe was one of the least civilized areas that had people. (for most of history the Middle East and China have been the most civilized in case you were wondering)"
414,41,I give you credit for taking it upon yourself to self assess and come to these conclusions. This world would be much better if more people were willing to do this.
415,23,"Thanks for sharing the Elaine massacre. I'm compiling a list of events like that so that we never forget, that we don't let them whitewash this history. Without you mentioning it here, I wouldn't have known about it."
416,10,"Damn, man.  That made me a bit misty."
417,7,This gives me hope!
418,5,The worst part is that there is still two versions of the story. The white version has it as the African American sharecroppers trying to kill whites. the black version has the white mob slaughtering them and the countryside.
419,5,"Add [Axe Handle Saturday](https://en.m.wikipedia.org/wiki/Ax_Handle_Saturday) to the list, which I must emphasize was the day originally chosen for the RNC in Jacksonville this year."
420,368,"Trump ruined Red Hats and *The American Flag* for me. Really fucks me up, because I come from a Military family and it kinda upsets me that now, when I see somebody with an American flag on their truck or on their porch I just assume theyre Trump supporters."
421,3,"That's kind of the point, though. That's why it says ""made you look"", it's self-aware"
422,6,Yeah I would only wear it if I were in a red area.
423,5,"Same here. I don‚Äôt think I could wear that, just because of the MAGA hats. Fuck Trump."
424,1,[removed]
425,1,Yeah he made being a Red Wings fan a lot more difficult.
426,1,"I‚Äôm even afraid to use my red Angels hats. I got a mean look from someone just because I wore my red Anaheim Angels hat the other day while I was walking home. I couldn‚Äôt find my other Angels hat so I had to settle with my red one and sure enough, my gut was right. I was gonna get a bad look from someone that didn‚Äôt read my hat too well and quickly assumed it was the hat of racism. 
I don‚Äôt know if it‚Äôs that or they just don‚Äôt like hats in general? Or they don‚Äôt like the Angels. It could‚Äôve been a million things that I would never know. Sometimes I wish I can read people‚Äôs minds so that I can finally shut up my overthinking brain üß†"
427,-3,[deleted]
428,62,You‚Äôd be totally safe since none of them can read
429,9,Ima need a contract.
430,186,"Loud nationalism is usually not accompanied by tolerance, in any country or any time period. Right now is definitely not the time to be proud of that flag"
431,19,Same the EDL in England. If someone has a flag up it‚Äôs usually a bad sign.
432,9,I was watching an old movie and a guy had a red hat.  I immediately thought it was a MAGA hat. The movie was from 1993.
433,4,"1) Set up flagpole

2) Acquire various flags 

3) American flag on July 4 and Memorial Day

4) Rainbow flag/Various other resistance flags all other days of year

5) Others eventually understand you can honor the dead and celebrate your country without being a bootlicker.

6) ????????

7) PROFIT"
434,8,"As a kentuckian I was stuck behind a red pickup with two massive (tattered and worn) American flags waving off his tailgate this morning on my way to work...

Any my first thought was, ""Well, at least they arent confederate flags... I guess.""

The bar has been set too low."
435,3,"This is the exact sentiment I have but I've always felt it just because I'm black in an area surrounded by white suburbs. It's a real fucking shame that I have to feel on edge about my own country's show of pride but nevertheless, I always get that deep-seated pit of anxiety in my stomach whenever I ride past a community that's full of them.

I'm sorry that you have to feel shame about what once brought you pride, but I hope that the whole ""Unamerican Patriot"" ideology will erode away with time. Thank you and your family for your service."
436,2,Theres never been a point you should be proud of an American flag.
437,1,Not a bad thing tho
438,1,What's wrong with Trump?
439,1,I refuse to wear anything with a flag now.
440,1,"That sounds like a YOU problem, making those assumptions."
441,1,"My liberal up bringing says: The American flag has been ruined since 9/11, since nationalists used it as a racism symbol. 

The communist in me says: most of this country's history is trash about how it mistreated blacks, native Americans, Japanese, Irish and Italians (to name just a tiny tiny few), do there is no way you can ""ruin"" something they shitty"
442,0,"I live in WI and a lot of people wear red hats (UW colors are red and white, go Badgers) so until they turn around and I see a big ‚ÄúW‚Äù for Wisconsin they are Schr√∂edinger‚Äôs Red Hat."
443,0,What did you think of the American flag during the Bush years? Because I associated the same people negatively to the same thing. Except it was also used to blindly invade Iraq.
444,9,Don't want people thinking you're a fascist
445,5,Maybe reluctant is a better choice of words. I avoid wearing red hats in general because I don‚Äôt want people to think I‚Äôm a trump supporter. I still think the hat is awesome though.
446,211,**has there ever been a moment to be proud of it though**
447,20,"Just sucks because it was always something proudly displayed as I grew up, and that I carried on into adulthood.

We were never the weirdos with, like, American flag tank tops or anything. But we were those kind of people who have their Flag out year round unless the weather was bad. Its was my way of continuing to be proud of my Dad for his service and keep on his memory.

Now, I feel like hanging that flag is essentially showing support for an intolerant and oppressive regime. Which... It kind of is.

So I stopped displaying it. Because its the right thing to do, even if it makes me a little sad."
448,9,"I personally think BLM should take the flag back.  Flags everywhere during their protests. A flag can stand for many things. The flag of the United States should stand for equality. Maybe it Hasn‚Äôt in the past, but damn it should."
449,23,"Look I can't blame anyone who disagrees but there are moments in American history to be proud of. And equally important, imo, is that I believe we have a potential future to be proud of, based on a truthful read of history and our potential to evolve as a country. Again, I can't blame anyone who disagrees, and I know that we have many horrible horrible points in our history too. What I believe strongly, however, is that America's left needs to be able to tell a truthful history of America that provides a narrative that *Americans* can be proud of while still matching the real facts. And I believe that narrative exists."
450,21,I mean taking on those heavily powdered tea guzzlers and becoming the world‚Äôs predominant superpower and arguably one of the most diverse countries in the world is pretty awesome. It‚Äôs what we do and have done with that power and diversity that‚Äôs pretty shameful
451,2,1776? Maybe?
452,9,Nah you're much more likely to be attacked if you do something crazy like walk around while being Black or something
453,1,No not hurt. I just wouldn‚Äôt want to provide confirmation bias to a trump supporting passer-by.  Someone sees a maga hat and next time they go out they might wear theirs. We (I) want trump supporters to feel as alone as possible LOL.
454,1,No but they will think I'm a terrible person and not without reason
455,71,Mass murder of indigenous folks kinda cancels that out yo
456,1,"Diversity but little tolerance, from what I gather.  And you need those together."
457,3,"Yeah, this was frigging awesome. This one too is very good. It was taught so that children can understand it which segues into adults understanding it just as easily: **Holy Post - Race in America**

[https://www.youtube.com/watch?v=AGUwcs9qJXY](https://www.youtube.com/watch?v=AGUwcs9qJXY)"
458,3,"That was incredible, thank you again. Such a concise analysis of the way out. Also that monopoly game... holy fuck."
459,2,Thanks so much! I will definitely check it out.
